dif_weight_fct,group_dpq,group_se
"More than
125 lbs",6.7105263157894735,0.8245071761674945
100-125,9.35483870967742,1.192763473381845
75-100,8.01063829787234,0.6548648842829412
50-75,6.570048309178744,0.3900867622544164
25-50,5.678244972577697,0.22870180407753413
0-25,4.769877675840979,0.1284661212173929
