FSDHH,dpq_group
1,4.133638211382114
2,5.47534516765286
3,5.82258064516129
4,7.938618925831202
